"Placed?? (Use ""Yes""), conditional formatting",Ref,Qnty,Value,Cmp name,Footprint,Description,Digikey Part Number,URL,Unit Cost,Total Cost
YES,"C1, C29, C30, C31, C32, ",5,2.2uF,C,Capacitor_SMD:C_0603_1608Metric,Unpolarized capacitor,1276-1085-1-ND,https://www.digikey.com/product-detail/en/samsung-electro-mechanics/CL10A225KP8NNNC/1276-1085-1-ND/3889171,0.12,0.6
YES,"C5, C8, C11, ",3,10uF,C,Capacitor_SMD:CP_Elec_4x5.8,Unpolarized capacitor,PCE3878CT-ND,https://www.digikey.com/product-detail/en/panasonic-electronic-components/EEE-1CA100SR/PCE3878CT-ND/766254,0.3,0.9
YES,"C7, C2, C3, C4, C6, C9, C10, C13, C15, C14, C12, C22, C23, C25, C16, C18, C20, C35, C36, C38, C40, C41, C28, C39, ",24,100nF,C,Capacitor_SMD:C_0603_1608Metric,Unpolarized capacitor,1276-1000-1-ND,https://www.digikey.com/product-detail/en/samsung-electro-mechanics/CL10B104KB8SFNC/1276-1936-1-ND/3890022,0.04,0.84
YES,"C17, C19, C21, C24, C26, C27, ",12,10nF,C,Capacitor_SMD:C_0603_1608Metric,Unpolarized capacitor,1276-1921-1-ND,https://www.digikey.com/product-detail/en/samsung-electro-mechanics/CL10B103KB8NCNC/1276-1921-1-ND/3890007,0.03,0.4
YES,"C33, C37, ",10,1uF,C,Capacitor_SMD:C_0603_1608Metric,Unpolarized capacitor,1276-1036-1-ND,https://www.digikey.com/product-detail/en/samsung-electro-mechanics/CL10A105KQ8NNNC/1276-1036-1-ND/3889122,0.03,0.31
YES,"C34, ",1,10uF,C,Capacitor_SMD:C_0603_1608Metric,Unpolarized capacitor,587-5869-1-ND,https://www.digikey.com/product-detail/en/taiyo-yuden/JMK107ABJ106MA-T/587-5869-1-ND/7674989,0.15,0.15
YES,"D1, D2, ",2,LED,LED,LED_SMD:LED_0603_1608Metric_Castellated,LED generic,732-4971-1-ND,https://www.digikey.com/product-detail/en/wurth-electronics-inc/150060GS75000/732-4971-1-ND/4489896,0.15,0.3
YES,"D3, ",1,MAX40200,MAX40200,Package_TO_SOT_SMD:SOT-23-5,,MAX40200AUK+TCT-ND,https://www.digikey.com/product-detail/en/maxim-integrated/MAX40200AUK-T/MAX40200AUK-TCT-ND/7599791,0.93,0.93
YES,"J1, ",1,USB_B_Mini,USB_B_Micro,Connector_USB:USB_Mini-B_Lumberg_2486_01_Horizontal,USB Micro Type B connector,151-1206-1-ND,https://www.digikey.com/product-detail/en/edac-inc/690-005-299-043/151-1206-1-ND/4312192,0.6,0.6
,"J3, ",1,Battery,Conn_01x02,Connector_JST:JST_PH_S2B-PH-K_1x02_P2.00mm_Horizontal,"Generic connector, single row, 01x02, script generated (kicad-library-utils/schlib/autogen/connector/)",WM14854-ND,https://www.digikey.com/products/en?keywords=894010210,0.14,0.14
,"J4, ",1,Programmer,Conn_02x04_Odd_Even,Connector_PinHeader_2.00mm:PinHeader_2x04_P2.00mm_Vertical,"Generic connector, double row, 02x04, odd/even pin numbering scheme (row 1 odd numbers, row 2 even numbers), script generated (kicad-library-utils/schlib/autogen/connector/)",A108094-ND,https://www.digikey.com/products/en?keywords=2-1734506-7,0.59,0.59
,"J5, ",1,Pressure Tap/Load Cell,Screw_Terminal_01x08,"TerminalBlock_Phoenix:TerminalBlock_Phoenix_MPT-0,5-8-2.54_1x08_P2.54mm_Horizontal","Generic screw terminal, single row, 01x08, script generated (kicad-library-utils/schlib/autogen/connector/)",ED10566-ND,https://www.digikey.com/product-detail/en/on-shore-technology-inc/OSTVN08A150/ED10566-ND/1588868,2.36,2.36
,"J6, ",1,Driven LEDs,Screw_Terminal_01x03,"custom:TerminalBlock_Phoenix_MPT-0,5-3-2.54_1x03_P2.54mm_Horizontal","Generic screw terminal, single row, 01x03, script generated (kicad-library-utils/schlib/autogen/connector/)",ED10562-ND,https://www.digikey.com/product-detail/en/on-shore-technology-inc/OSTVN03A150/ED10562-ND/1588863,1.03,1.03
,"J7, J8",2,Accelerometer,Conn_02x03_Odd_Even,Connector_PinHeader_2.54mm:PinHeader_2x03_P2.54mm_Vertical,"Generic connector, double row, 02x03, odd/even pin numbering scheme (row 1 odd numbers, row 2 even numbers), script generated (kicad-library-utils/schlib/autogen/connector/)",S7071-ND,https://www.digikey.com/product-detail/en/sullins-connector-solutions/PPTC032LFBN-RC/S7071-ND/810210,0.61,1.22
,"J9, ",1,Micro_SD_Card,Micro_SD_Card,Connector_Card:microSD_HC_Wuerth_693072010801,Micro SD Card Socket,732-3820-1-ND,https://www.digikey.com/product-detail/en/wurth-electronics-inc/693072010801/732-3820-1-ND/3124605,3.42,3.42
,"J10, ",1,Thermocouple Input,Screw_Terminal_01x12,"TerminalBlock_Phoenix:TerminalBlock_Phoenix_MPT-0,5-12-2.54_1x12_P2.54mm_Horizontal","Generic screw terminal, single row, 01x12, script generated (kicad-library-utils/schlib/autogen/connector/)",ED10568-ND,https://www.digikey.com/product-detail/en/on-shore-technology-inc/OSTVN12A150/ED10568-ND/1588872,3.16,3.16
YES,"L1, L2, ",2,L_Core_Ferrite,L_Core_Ferrite,Inductor_SMD:L_0603_1608Metric,Inductor with Ferrite Core,1276-6351-1-ND,https://www.digikey.com/product-detail/en/samsung-electro-mechanics/CIS10P121AC/1276-6351-1-ND/3973752,0.1,0.2
YES,"L3, ",1,1.5uH,L,Inductor_SMD:L_Taiyo-Yuden_NR-30xx,Inductor,587-2617-1-ND,https://www.digikey.com/product-detail/en/taiyo-yuden/NR3015T1R5N/587-2617-1-ND/2349988,0.41,0.41
YES,"Q1, Q2, ",2,Q_NMOS_GSD,Q_NMOS_GSD,Package_TO_SOT_SMD:SOT-23,Transistor N-MOSFETwith substrate diode (general),NTR5103NT1GOSCT-ND,https://www.digikey.com/product-detail/en/on-semiconductor/NTR5103NT1G/NTR5103NT1GOSCT-ND/5801875,0.18,0.36
yes,"R5, R1, R2, ",3,470,R,Resistor_SMD:R_0603_1608Metric,Resistor,311-470GRCT-ND,https://www.digikey.com/product-detail/en/yageo/RC0603JR-07470RL/311-470GRCT-ND/729738,0.1,0.3
yes,"R6, R7, ",10,4k7,R,Resistor_SMD:R_0603_1608Metric,Resistor,311-4.7KGRCT-ND,https://www.digikey.com/product-detail/en/yageo/RC0603JR-074K7L/311-4.7KGRCT-ND/729732,0.02,0.2
YES,"R8, R10, R4, R3, ",4,33,R,Resistor_SMD:R_0603_1608Metric,Resistor,311-33.0HRCT-ND,https://www.digikey.com/product-detail/en/yageo/RC0603FR-0733RL/311-33.0HRCT-ND/730105,0.1,0.4
YES,"R9, R11, R12, R13, R14, R15, R16, R25, ",20,10k,R,Resistor_SMD:R_0603_1608Metric,Resistor,RMCF0603JT10K0CT-ND,https://www.digikey.com/product-detail/en/stackpole-electronics-inc/RMCF0603JT10K0/RMCF0603JT10K0CT-ND/1943191,0.02,0.32
YES,"R17, R19, R21, ",10,30k,R,Resistor_SMD:R_0603_1608Metric,Resistor,RMCF0603JT30K0CT-ND,https://www.digikey.com/product-detail/en/stackpole-electronics-inc/RMCF0603JT30K0/RMCF0603JT30K0CT-ND/1943197,0.02,0.16
YES,"R18, R20, R22, R24, ",10,1k,R,Resistor_SMD:R_0603_1608Metric,Resistor,RMCF0603FT1K00CT-ND,https://www.digikey.com/product-detail/en/stackpole-electronics-inc/RMCF0603FT1K00/RMCF0603FT1K00CT-ND/1942996,0.02,0.18
YES,"R23, ",10,100k,R,Resistor_SMD:R_0603_1608Metric,Resistor,CR0603-JW-104ELFCT-ND,https://www.digikey.com/product-detail/en/bourns-inc/CR0603-JW-104ELF/CR0603-JW-104ELFCT-ND/3767631,0.02,0.15
,"SW1, ",1,SW_SPST,SW_SPST,Button_Switch_THT:SW_DIP_SPSTx01_Slide_9.78x4.72mm_W7.62mm_P2.54mm,Single Pole Single Throw (SPST) switch,Z5195-ND,https://www.digikey.com/product-detail/en/omron-electronics-inc-emc-div/A6TN-1104/Z5195-ND/2754763,0.9,0.9
YES,"U1, ",1,MK64F,MK64F,Package_QFP:LQFP-100_14x14mm_P0.5mm,,MK64FX512VLL12-ND,https://www.digikey.com/product-detail/en/nxp-usa-inc/MK64FX512VLL12/MK64FX512VLL12-ND/4462056,12.56,12.56
YES,"U2, ",1,TPS63031,TPS63031,custom:VSON-10-1EP_2.5x2.5mm_Pitch0.5mm_ThermalPad,,296-39461-1-ND,https://www.digikey.com/product-detail/en/texas-instruments/TPS63031DSKR/296-39461-1-ND/5143409,1.93,1.93
YES,"U3, ",1,KXTJ3-1057,KXTJ3-1057,Package_LGA:LGA-12_2x2mm_P0.5mm,,KXTJ3-1057CT-ND,https://www.digikey.com/product-detail/en/kionix-inc/KXTJ3-1057/KXTJ3-1057CT-ND/6573089,1.69,1.69
YES,"U4, ",1,W25N01GV,W25N01GV,custom:WSON-8 8x6mm,,W25N01GVZEIGCT-ND,https://www.digikey.com/product-detail/en/winbond-electronics/W25N01GVZEIG-TR/W25N01GVZEIGCT-ND/7393545,3.27,3.27
YES,"U5, U6, U7, U8, U9, U10, ",6,MAX31855KASA,MAX31855KASA,Package_SO:SOIC-8_3.9x4.9mm_P1.27mm,"Cold Junction K-type Termocouple Interface, SPI, SO8",MAX31855KASA+TCT-ND,https://www.digikey.com/product-detail/en/maxim-integrated/MAX31855KASA-T/MAX31855KASA-TCT-ND/2708805,6.52,39.12
YES,"U11, U13, U14, U15, ",4,MCP6N11,MCP6N11,Package_SO:SOIC-8_3.9x4.9mm_P1.27mm,,MCP6N11-010E/SN-ND,https://www.digikey.com/products/en?keywords=MCP6N11-010,1.39,5.56
YES,"U12, ",1,ADS7951,ADS7951,Package_DFN_QFN:QFN-24-1EP_4x4mm_P0.5mm_EP2.7x2.7mm_ThermalVias,,296-25840-1-ND,https://www.digikey.com/product-detail/en/texas-instruments/ADS7951SBRGET/296-25840-1-ND/2237246,7.44,7.44
YES,"U16, ",1,REF5025ADGK,REF5025ADGK,Package_SO:VSSOP-8_3.0x3.0mm_P0.65mm,"2.5V 0.1% 10mA Low Noise Precision Voltage Reference, MSOP-8",296-41382-1-ND,https://www.digikey.com/product-detail/en/texas-instruments/REF5025AIDGKR/296-41382-1-ND/5222878,3,3
YES,"Y1, ",1,16 MHz,Crystal_GND24,Crystal:Crystal_SMD_3225-4Pin_3.2x2.5mm,"Four pin crystal (GND on pins 2 and 4), e.g. in SMD package",644-1099-1-ND,https://www.digikey.com/product-detail/en/ndk-america-inc/NX3225SA-16.000000MHZ-B3/644-1099-1-ND/1468360,0.92,0.92
,,,,,,,,,,96.016
